<?xml version="1.1" encoding="UTF-8"?>

<project i18n.job.generated.documetation="Generated documentation" i18n.job.project.name="Projektname" i18n.job.generated.date="GENERATION DATE" i18n.job.author="AUTHOR" i18n.job.summary="Summary" i18n.job.project.description="Projektbeschreibung" i18n.job.job.description="Beschreibung" i18n.job.job.preview.picture="Preview Picture" i18n.job.job.setting="Einstellungen" i18n.job.context.list="Context List" i18n.job.component.list="Komponenten Liste" i18n.job.components.description="Components Description" i18n.job.source.code="Source Code" i18n.job.properties="Eigenschaften" i18n.job.values="Values" i18n.job.name="Name" i18n.job.language="Sprache" i18n.job.description="Beschreibung" i18n.job.author.min="Autor" i18n.job.version="Version" i18n.job.purpose="Verwendungszweck" i18n.job.status="Status" i18n.job.creation="Anlegen" i18n.job.modification="&#196;nderung" i18n.job.extract.settings="Extra settings" i18n.job.value="Wert" i18n.job.stats.logs="Status &amp; Logs" i18n.job.context="Context" i18n.job.promt="Aufforderung" i18n.job.need.promt="Need Prompt?" i18n.job.type="Typ" i18n.job.source="Quelle" i18n.job.component.name="Komponentenname" i18n.job.component.type="Component Type" i18n.job.component="Komponente" i18n.job.unique.name="Eindeutiger Name" i18n.job.input="INPUT(S)" i18n.job.label="Beschriftung" i18n.job.output="OUTPUT(S)" i18n.job.component.parameters="Component Parameters:" i18n.job.schema.for="Schema for " i18n.job.column="Spalte" i18n.job.key="Schl&#252;sselwert" i18n.job.length="L&#228;nge" i18n.job.precision="Genauigkeit" i18n.job.nullable="Null zul&#228;ssig" i18n.job.comment="Kommentar" i18n.job.original.function.parameters="Original Function Parameters:" i18n.job.ended="ended" i18n.job.content="Inhalt" i18n.route.manifest.type="Type" i18n.route.manifest.value="Value" i18n.route.resource.name="Name" i18n.route.resource.version="Version" i18n.route.resource.path="Path" name="Local_Project" logo="pictures/logo.jpg" title="Generated by Talend Open Studio for Data Integration" link="http://www.talend.com" language="java" generatedDate="26.04.2022, 14:15:43" versionName="Talend Open Studio VERSION " version="8.0.1.20211109_1610" docType="Jobs" company="">
  <pro-description><![CDATA[]]></pro-description>
  <job name="MultipleInputOutput_withOnePipeline" author="user@talend.com" i18n.job.extract.settings.type="i18n.job.extract.settings" i18n.job.stats.logs.type="i18n.job.stats.logs" version="0.1" purpose="" status="" creation="01.04.2022, 08:58:29" modification="26.04.2022, 14:10:09">
    <description><![CDATA[<br/>]]></description>
    <preview picture="pictures/MultipleInputOutput_withOnePipeline_0.1.png"/>
    <contextList>
      <context name="Default"/>
    </contextList>
    <jobSetting>
      <extra>
        <jobParameter name="COMP_DEFAULT_FILE_DIR" value=""/>
        <jobParameter name="Multi-Thread Ausf&#252;hrung" value="false"/>
        <jobParameter name="Implizites tContextLoad" value="false"/>
      </extra>
      <Statslogs>
        <jobParameter name="Verwende Statistiken (tStatCatcher)" value="false"/>
        <jobParameter name="Verwende Logs (tLogCatcher)" value="false"/>
        <jobParameter name="Use volumetrics (tFlowMeterCatcher)" value="false"/>
        <jobParameter name="Auf Konsole" value="false"/>
        <jobParameter name="In Datei" value="false"/>
        <jobParameter name="In Datenbank" value="false"/>
        <jobParameter name="Komponenten-Statistik erfassen" value="false"/>
        <jobParameter name="Runtime Fehler abfangen" value="true"/>
        <jobParameter name="Benutzer Fehler abfangen" value="true"/>
        <jobParameter name="Benutzerwarnungen abfangen" value="true"/>
      </Statslogs>
    </jobSetting>
    <componentList>
      <componentItem name="tAggregateRow_1" link="tAggregateRow_1" type="tAggregateRow" leftTopX="576" leftTopY="64" rightBottomX="608" rightBottomY="96"/>
      <componentItem name="tDBOutput_1" link="tDBOutput_1" type="tPostgresqlOutput" leftTopX="1024" leftTopY="64" rightBottomX="1056" rightBottomY="96"/>
      <componentItem name="tDBOutput_2" link="tDBOutput_2" type="tPostgresqlOutput" leftTopX="1024" leftTopY="416" rightBottomX="1056" rightBottomY="448"/>
      <componentItem name="tDBOutput_3" link="tDBOutput_3" type="tPostgresqlOutput" leftTopX="1024" leftTopY="256" rightBottomX="1056" rightBottomY="288"/>
      <componentItem name="tFileInputDelimited_1" link="tFileInputDelimited_1" type="tFileInputDelimited" leftTopX="128" leftTopY="64" rightBottomX="160" rightBottomY="96"/>
      <componentItem name="tFileInputDelimited_2" link="tFileInputDelimited_2" type="tFileInputDelimited" leftTopX="128" leftTopY="256" rightBottomX="160" rightBottomY="288"/>
      <componentItem name="tLogRow_1" link="tLogRow_1" type="tLogRow" leftTopX="1024" leftTopY="128" rightBottomX="1056" rightBottomY="160"/>
      <componentItem name="tMap_1" link="tMap_1" type="tMap" leftTopX="384" leftTopY="192" rightBottomX="416" rightBottomY="224"/>
      <componentItem name="tUniqRow_1" link="tUniqRow_1" type="tUniqRow" leftTopX="640" leftTopY="256" rightBottomX="672" rightBottomY="288"/>
    </componentList>
    <internalNodeComponents>
      <component icon="pictures/tAggregateRow_1.png" uniqueName="tAggregateRow_1" label="__UNIQUE_NAME__">
        <input link="tMap_1">tMap_1</input>
        <output link="tDBOutput_1">tDBOutput_1</output>
        <componentType>tAggregateRow</componentType>
        <parameters>
          <column name="Eindeutiger Name" value="tAggregateRow_1"/>
          <column name="Komponentenname" value="tAggregateRow"/>
          <column name="Version" value="0.102 (ALPHA)"/>
          <column name="Familie" value="Processing"/>
          <column name="Ausf&#252;hrbar" value="false"/>
          <column name="SUBTREE_START" value="false"/>
          <column name="END_OF_FLOW" value="false"/>
          <column name="Aktivieren" value="true"/>
          <column name="DUMMY" value="false"/>
          <column name="tStatCatcher Statistik" value="false"/>
          <column name="Hilfe" value="org.talend.help.tAggregateRow"/>
          <column name="Update components" value="true"/>
          <column name="IREPORT_PATH" value=""/>
          <column name="JAVA_LIBRARY_PATH" value="C:\Program Files (x86)\TOS_DI-8.0.1\studio\configuration\lib\java"/>
          <column name="Subjob Farbe:" value=""/>
          <column name="&#220;berschriftsfarbe" value=""/>
          <column name="REPOSITORY_ALLOW_AUTO_SWITCH" value="true"/>
          <column name="Schema" value="Built-In"/>
          <column name="Gruppiert nach" value="[{OUTPUT_COLUMN=account_id, INPUT_COLUMN=account_id}, {OUTPUT_COLUMN=account_holder_name, INPUT_COLUMN=account_holder_name}, {OUTPUT_COLUMN=iban, INPUT_COLUMN=iban}, {OUTPUT_COLUMN=balance, INPUT_COLUMN=balance}]"/>
          <column name="Operationen" value="[{OUTPUT_COLUMN=SumTransactionAmount, FUNCTION=sum, INPUT_COLUMN=amount, IGNORE_NULL=false}]"/>
          <column name="Delimiter (only for list operation)" value="&quot;,&quot;"/>
          <column name="Verwende fiskalische Pr&#228;zision. Dies verwendet die maximale Pr&#228;zision f&#252;r &quot;sum&quot; und &quot;avg&quot;-Operationen, wobei die Option mehr Speicher verbraucht und langsamer ist." value="true"/>
          <column name="&#220;berpr&#252;fe Typen&#252;berlauf (langsamer)" value="false"/>
          <column name="Check ULP (Unit in the Last Place), ensure that a value will be incremented or decremented correctly, only for float and double types. (slower)" value="false"/>
          <column name="Bezeichnungsformat" value="__UNIQUE_NAME__"/>
          <column name="Hinweisformat" value="&lt;b&gt;__UNIQUE_NAME__&lt;/b&gt;&lt;br&gt;__COMMENT__"/>
          <column name="Verbindungsformat" value="row"/>
          <column name="Informationen anzeigen" value="false"/>
          <column name="Kommentar" value=""/>
          <column name="Use an existing validation rule" value="false"/>
          <column name="Validation Rule Type" value=""/>
        </parameters>
        <schemas>
          <schema name="tAggregateRow_1">
            <column name="account_id" key="false" type="Integer" length="" precision="" nullable="true" comment=""/>
            <column name="account_holder_name" key="false" type="String" length="18" precision="" nullable="true" comment=""/>
            <column name="iban" key="false" type="String" length="22" precision="" nullable="true" comment=""/>
            <column name="balance" key="false" type="Integer" length="10" precision="" nullable="true" comment=""/>
            <column name="SumTransactionAmount" key="false" type="Integer" length="" precision="" nullable="true" comment=""/>
          </schema>
        </schemas>
      </component>
      <component icon="pictures/tDBOutput_1.png" uniqueName="tDBOutput_1" label="Postgres_Connection">
        <input link="tAggregateRow_1">tAggregateRow_1</input>
        <output>none</output>
        <componentType>tPostgresqlOutput</componentType>
        <parameters>
          <column name="Database" value="tPostgresqlOutput"/>
          <column name="Eindeutiger Name" value="tDBOutput_1"/>
          <column name="Komponentenname" value="tPostgresqlOutput"/>
          <column name="Version" value="0.102 (ALPHA)"/>
          <column name="Familie" value="Databases/DB Specifics/PostgreSQL"/>
          <column name="Ausf&#252;hrbar" value="false"/>
          <column name="SUBTREE_START" value="false"/>
          <column name="END_OF_FLOW" value="true"/>
          <column name="Aktivieren" value="true"/>
          <column name="DUMMY" value="false"/>
          <column name="tStatCatcher Statistik" value="false"/>
          <column name="Hilfe" value="org.talend.help.tPostgresqlOutput"/>
          <column name="Update components" value="true"/>
          <column name="IREPORT_PATH" value=""/>
          <column name="JAVA_LIBRARY_PATH" value="C:\Program Files (x86)\TOS_DI-8.0.1\studio\configuration\lib\java"/>
          <column name="Subjob Farbe:" value=""/>
          <column name="&#220;berschriftsfarbe" value=""/>
          <column name="Eigenschaftstyp" value="repository: DB (POSTGRESQL):Postgres_Connection"/>
          <column name="eine bestehende Verbindung verwenden" value="false"/>
          <column name="Komponenten Liste" value=""/>
          <column name="DB Version" value="V9_X"/>
          <column name="Host" value="&quot;localhost&quot;"/>
          <column name="Port" value="&quot;5432&quot;"/>
          <column name="Database" value="&quot;Bank&quot;"/>
          <column name="Datenbanktreiber" value="POSTGRESQL"/>
          <column name="Schema" value="&quot;&quot;"/>
          <column name="Benutzername" value="&quot;postgres&quot;"/>
          <column name="Passwort " value="********"/>
          <column name="Tabelle" value="&quot;AggTransactionAmountWithAccount&quot;"/>
          <column name="Aktion auf Tabelle" value="NONE"/>
          <column name="Aktion auf Daten" value="INSERT"/>
          <column name="REPOSITORY_ALLOW_AUTO_SWITCH" value="true"/>
          <column name="Schema" value="Built-In"/>
          <column name="Reject Schema" value="Built-In"/>
          <column name="Use spatial options" value="false"/>
          <column name="Create Spatial index" value="false"/>
          <column name="Create geometry columns reference" value="false"/>
          <column name="Specify a data source alias" value="false"/>
          <column name="Data source alias" value="&quot;&quot;"/>
          <column name="Abbrechen bei Fehler" value="false"/>
          <column name="Mapping" value="postgres_id"/>
          <column name="Use alternate schema" value="false"/>
          <column name="Schema" value="&quot;&quot;"/>
          <column name="Additional JDBC Parameters" value="&quot;&quot;"/>
          <column name="Use save point" value="false"/>
          <column name="Encoding" value="&quot;ISO-8859-15&quot;"/>
          <column name="Commit jede" value="10000"/>
          <column name="Zus&#228;tzliche Spalten" value="[]"/>
          <column name="Use field options" value="false"/>
          <column name="Field options" value="[{SCHEMA_COLUMN=account_id, UPDATE_KEY=false, DELETE_KEY=false, UPDATABLE=true, INSERTABLE=true}, {SCHEMA_COLUMN=account_holder_name, UPDATE_KEY=false, DELETE_KEY=false, UPDATABLE=true, INSERTABLE=true}, {SCHEMA_COLUMN=iban, UPDATE_KEY=false, DELETE_KEY=false, UPDATABLE=true, INSERTABLE=true}, {SCHEMA_COLUMN=balance, UPDATE_KEY=false, DELETE_KEY=false, UPDATABLE=true, INSERTABLE=true}, {SCHEMA_COLUMN=SumTransactionAmount, UPDATE_KEY=false, DELETE_KEY=false, UPDATABLE=true, INSERTABLE=true}]"/>
          <column name="Debug Modus aktivieren" value="false"/>
          <column name="Unterst&#252;tze null in der &quot;SQL WHERE&quot; Bedingung" value="false"/>
          <column name="Convert columns and table to lowercase" value="false"/>
          <column name="Verwende Batch Gr&#246;&#223;e" value="true"/>
          <column name="Batch Gr&#246;&#223;e" value="10000"/>
          <column name="Bezeichnungsformat" value="Postgres_Connection"/>
          <column name="Hinweisformat" value="&lt;b&gt;__UNIQUE_NAME__&lt;/b&gt;&lt;br&gt;__COMMENT__"/>
          <column name="Verbindungsformat" value="row"/>
          <column name="Informationen anzeigen" value="false"/>
          <column name="Kommentar" value=""/>
          <column name="Use an existing validation rule" value="false"/>
          <column name="Validation Rule Type" value=""/>
        </parameters>
        <schemas>
          <schema name="tDBOutput_1">
            <column name="account_id" key="false" type="Integer" length="" precision="" nullable="true" comment=""/>
            <column name="account_holder_name" key="false" type="String" length="18" precision="" nullable="true" comment=""/>
            <column name="iban" key="false" type="String" length="22" precision="" nullable="true" comment=""/>
            <column name="balance" key="false" type="Integer" length="10" precision="" nullable="true" comment=""/>
            <column name="SumTransactionAmount" key="false" type="Integer" length="" precision="" nullable="true" comment=""/>
          </schema>
        </schemas>
      </component>
      <component icon="pictures/tDBOutput_2.png" uniqueName="tDBOutput_2" label="Postgres_Connection">
        <input link="tUniqRow_1">tUniqRow_1</input>
        <output>none</output>
        <componentType>tPostgresqlOutput</componentType>
        <parameters>
          <column name="Database" value="tPostgresqlOutput"/>
          <column name="Eindeutiger Name" value="tDBOutput_2"/>
          <column name="Komponentenname" value="tPostgresqlOutput"/>
          <column name="Version" value="0.102 (ALPHA)"/>
          <column name="Familie" value="Databases/DB Specifics/PostgreSQL"/>
          <column name="Ausf&#252;hrbar" value="false"/>
          <column name="SUBTREE_START" value="false"/>
          <column name="END_OF_FLOW" value="true"/>
          <column name="Aktivieren" value="true"/>
          <column name="DUMMY" value="false"/>
          <column name="tStatCatcher Statistik" value="false"/>
          <column name="Hilfe" value="org.talend.help.tPostgresqlOutput"/>
          <column name="Update components" value="true"/>
          <column name="IREPORT_PATH" value=""/>
          <column name="JAVA_LIBRARY_PATH" value="C:\Program Files (x86)\TOS_DI-8.0.1\studio\configuration\lib\java"/>
          <column name="Subjob Farbe:" value=""/>
          <column name="&#220;berschriftsfarbe" value=""/>
          <column name="Eigenschaftstyp" value="repository: DB (POSTGRESQL):Postgres_Connection"/>
          <column name="eine bestehende Verbindung verwenden" value="false"/>
          <column name="Komponenten Liste" value=""/>
          <column name="DB Version" value="V9_X"/>
          <column name="Host" value="&quot;localhost&quot;"/>
          <column name="Port" value="&quot;5432&quot;"/>
          <column name="Database" value="&quot;Bank&quot;"/>
          <column name="Datenbanktreiber" value="POSTGRESQL"/>
          <column name="Schema" value="&quot;&quot;"/>
          <column name="Benutzername" value="&quot;postgres&quot;"/>
          <column name="Passwort " value="********"/>
          <column name="Tabelle" value="&quot;Duplikate&quot;"/>
          <column name="Aktion auf Tabelle" value="NONE"/>
          <column name="Aktion auf Daten" value="INSERT"/>
          <column name="REPOSITORY_ALLOW_AUTO_SWITCH" value="true"/>
          <column name="Schema" value="Built-In"/>
          <column name="Reject Schema" value="Built-In"/>
          <column name="Use spatial options" value="false"/>
          <column name="Create Spatial index" value="false"/>
          <column name="Create geometry columns reference" value="false"/>
          <column name="Specify a data source alias" value="false"/>
          <column name="Data source alias" value="&quot;&quot;"/>
          <column name="Abbrechen bei Fehler" value="false"/>
          <column name="Mapping" value="postgres_id"/>
          <column name="Use alternate schema" value="false"/>
          <column name="Schema" value="&quot;&quot;"/>
          <column name="Additional JDBC Parameters" value="&quot;&quot;"/>
          <column name="Use save point" value="false"/>
          <column name="Encoding" value="&quot;ISO-8859-15&quot;"/>
          <column name="Commit jede" value="10000"/>
          <column name="Zus&#228;tzliche Spalten" value="[]"/>
          <column name="Use field options" value="false"/>
          <column name="Field options" value="[{SCHEMA_COLUMN=account_id, UPDATE_KEY=false, DELETE_KEY=false, UPDATABLE=true, INSERTABLE=true}, {SCHEMA_COLUMN=account_holder_name, UPDATE_KEY=false, DELETE_KEY=false, UPDATABLE=true, INSERTABLE=true}, {SCHEMA_COLUMN=iban, UPDATE_KEY=false, DELETE_KEY=false, UPDATABLE=true, INSERTABLE=true}, {SCHEMA_COLUMN=balance, UPDATE_KEY=false, DELETE_KEY=false, UPDATABLE=true, INSERTABLE=true}]"/>
          <column name="Debug Modus aktivieren" value="false"/>
          <column name="Unterst&#252;tze null in der &quot;SQL WHERE&quot; Bedingung" value="false"/>
          <column name="Convert columns and table to lowercase" value="false"/>
          <column name="Verwende Batch Gr&#246;&#223;e" value="true"/>
          <column name="Batch Gr&#246;&#223;e" value="10000"/>
          <column name="Bezeichnungsformat" value="Postgres_Connection"/>
          <column name="Hinweisformat" value="&lt;b&gt;__UNIQUE_NAME__&lt;/b&gt;&lt;br&gt;__COMMENT__"/>
          <column name="Verbindungsformat" value="row"/>
          <column name="Informationen anzeigen" value="false"/>
          <column name="Kommentar" value=""/>
          <column name="Use an existing validation rule" value="false"/>
          <column name="Validation Rule Type" value=""/>
        </parameters>
        <schemas>
          <schema name="tDBOutput_2">
            <column name="account_id" key="false" type="Integer" length="" precision="" nullable="true" comment=""/>
            <column name="account_holder_name" key="false" type="String" length="18" precision="" nullable="true" comment=""/>
            <column name="iban" key="false" type="String" length="22" precision="" nullable="true" comment=""/>
            <column name="balance" key="false" type="Integer" length="10" precision="" nullable="true" comment=""/>
          </schema>
        </schemas>
      </component>
      <component icon="pictures/tDBOutput_3.png" uniqueName="tDBOutput_3" label="Postgres_Connection">
        <input link="tUniqRow_1">tUniqRow_1</input>
        <output>none</output>
        <componentType>tPostgresqlOutput</componentType>
        <parameters>
          <column name="Database" value="tPostgresqlOutput"/>
          <column name="Eindeutiger Name" value="tDBOutput_3"/>
          <column name="Komponentenname" value="tPostgresqlOutput"/>
          <column name="Version" value="0.102 (ALPHA)"/>
          <column name="Familie" value="Databases/DB Specifics/PostgreSQL"/>
          <column name="Ausf&#252;hrbar" value="false"/>
          <column name="SUBTREE_START" value="false"/>
          <column name="END_OF_FLOW" value="true"/>
          <column name="Aktivieren" value="true"/>
          <column name="DUMMY" value="false"/>
          <column name="tStatCatcher Statistik" value="false"/>
          <column name="Hilfe" value="org.talend.help.tPostgresqlOutput"/>
          <column name="Update components" value="true"/>
          <column name="IREPORT_PATH" value=""/>
          <column name="JAVA_LIBRARY_PATH" value="C:\Program Files (x86)\TOS_DI-8.0.1\studio\configuration\lib\java"/>
          <column name="Subjob Farbe:" value=""/>
          <column name="&#220;berschriftsfarbe" value=""/>
          <column name="Eigenschaftstyp" value="repository: DB (POSTGRESQL):Postgres_Connection"/>
          <column name="eine bestehende Verbindung verwenden" value="false"/>
          <column name="Komponenten Liste" value=""/>
          <column name="DB Version" value="V9_X"/>
          <column name="Host" value="&quot;localhost&quot;"/>
          <column name="Port" value="&quot;5432&quot;"/>
          <column name="Database" value="&quot;Bank&quot;"/>
          <column name="Datenbanktreiber" value="POSTGRESQL"/>
          <column name="Schema" value="&quot;&quot;"/>
          <column name="Benutzername" value="&quot;postgres&quot;"/>
          <column name="Passwort " value="********"/>
          <column name="Tabelle" value="&quot;eindeutig&quot;"/>
          <column name="Aktion auf Tabelle" value="NONE"/>
          <column name="Aktion auf Daten" value="INSERT"/>
          <column name="REPOSITORY_ALLOW_AUTO_SWITCH" value="true"/>
          <column name="Schema" value="Built-In"/>
          <column name="Reject Schema" value="Built-In"/>
          <column name="Use spatial options" value="false"/>
          <column name="Create Spatial index" value="false"/>
          <column name="Create geometry columns reference" value="false"/>
          <column name="Specify a data source alias" value="false"/>
          <column name="Data source alias" value="&quot;&quot;"/>
          <column name="Abbrechen bei Fehler" value="false"/>
          <column name="Mapping" value="postgres_id"/>
          <column name="Use alternate schema" value="false"/>
          <column name="Schema" value="&quot;&quot;"/>
          <column name="Additional JDBC Parameters" value="&quot;&quot;"/>
          <column name="Use save point" value="false"/>
          <column name="Encoding" value="&quot;ISO-8859-15&quot;"/>
          <column name="Commit jede" value="10000"/>
          <column name="Zus&#228;tzliche Spalten" value="[]"/>
          <column name="Use field options" value="false"/>
          <column name="Field options" value="[{SCHEMA_COLUMN=account_id, UPDATE_KEY=false, DELETE_KEY=false, UPDATABLE=true, INSERTABLE=true}, {SCHEMA_COLUMN=account_holder_name, UPDATE_KEY=false, DELETE_KEY=false, UPDATABLE=true, INSERTABLE=true}, {SCHEMA_COLUMN=iban, UPDATE_KEY=false, DELETE_KEY=false, UPDATABLE=true, INSERTABLE=true}, {SCHEMA_COLUMN=balance, UPDATE_KEY=false, DELETE_KEY=false, UPDATABLE=true, INSERTABLE=true}]"/>
          <column name="Debug Modus aktivieren" value="false"/>
          <column name="Unterst&#252;tze null in der &quot;SQL WHERE&quot; Bedingung" value="false"/>
          <column name="Convert columns and table to lowercase" value="false"/>
          <column name="Verwende Batch Gr&#246;&#223;e" value="true"/>
          <column name="Batch Gr&#246;&#223;e" value="10000"/>
          <column name="Bezeichnungsformat" value="Postgres_Connection"/>
          <column name="Hinweisformat" value="&lt;b&gt;__UNIQUE_NAME__&lt;/b&gt;&lt;br&gt;__COMMENT__"/>
          <column name="Verbindungsformat" value="row"/>
          <column name="Informationen anzeigen" value="false"/>
          <column name="Kommentar" value=""/>
          <column name="Use an existing validation rule" value="false"/>
          <column name="Validation Rule Type" value=""/>
        </parameters>
        <schemas>
          <schema name="Unique">
            <column name="account_id" key="false" type="Integer" length="" precision="" nullable="true" comment=""/>
            <column name="account_holder_name" key="false" type="String" length="18" precision="" nullable="true" comment=""/>
            <column name="iban" key="false" type="String" length="22" precision="" nullable="true" comment=""/>
            <column name="balance" key="false" type="Integer" length="10" precision="" nullable="true" comment=""/>
          </schema>
        </schemas>
      </component>
      <component icon="pictures/tFileInputDelimited_1.png" uniqueName="tFileInputDelimited_1" label="account.csv">
        <input>none</input>
        <output link="tMap_1">tMap_1</output>
        <componentType>tFileInputDelimited</componentType>
        <parameters>
          <column name="Eindeutiger Name" value="tFileInputDelimited_1"/>
          <column name="Komponentenname" value="tFileInputDelimited"/>
          <column name="Version" value="0.102 (ALPHA)"/>
          <column name="Familie" value="File/Input"/>
          <column name="Start" value="false"/>
          <column name="Ausf&#252;hrbar" value="true"/>
          <column name="SUBTREE_START" value="false"/>
          <column name="END_OF_FLOW" value="false"/>
          <column name="Aktivieren" value="true"/>
          <column name="DUMMY" value="false"/>
          <column name="tStatCatcher Statistik" value="false"/>
          <column name="Hilfe" value="org.talend.help.tFileInputDelimited"/>
          <column name="Update components" value="true"/>
          <column name="IREPORT_PATH" value=""/>
          <column name="JAVA_LIBRARY_PATH" value="C:\Program Files (x86)\TOS_DI-8.0.1\studio\configuration\lib\java"/>
          <column name="Subjob Farbe:" value=""/>
          <column name="&#220;berschriftsfarbe" value=""/>
          <column name="Eigenschaftstyp" value="repository: DELIM:account_csv"/>
          <column name="REPOSITORY_ALLOW_AUTO_SWITCH" value="true"/>
          <column name="Schema" value="Built-In"/>
          <column name="Dateiname" value="&quot;C:/Phyton/ImportFiles/accounts/account.csv-00000-of-00001&quot;"/>
          <column name="CSV Optionen" value="true"/>
          <column name="Zeilenseparator" value="&quot;\n&quot;"/>
          <column name="CSV Row Separator" value="&quot;\n&quot;"/>
          <column name="Feldseparator" value="&quot;,&quot;"/>
          <column name="Escape Char" value="&quot;&quot;&quot;"/>
          <column name="Text Enclosure" value="&quot;\&quot;&quot;"/>
          <column name="&#220;berschrift" value="0"/>
          <column name="Fu&#223;zeile" value="0"/>
          <column name="Limit" value=""/>
          <column name="Leere Zeilen ignorieren" value="false"/>
          <column name="Uncompress as zip file" value="false"/>
          <column name="Abbrechen bei Fehler" value="false"/>
          <column name="Schema" value="Built-In"/>
          <column name="Temporary directory" value="&quot;C:/Program Files (x86)/TOS_DI-8.0.1/studio/workspace&quot;"/>
          <column name="Erweitertes Trennzeichen (f&#252;r Zahlen)" value="false"/>
          <column name="Tausendertrennzeichen" value="&quot;,&quot;"/>
          <column name="Dezimaltrennzeichen" value="&quot;.&quot;"/>
          <column name="Extract lines at random" value="false"/>
          <column name="Anzahl an Zeilen" value="10"/>
          <column name="Trimmt alle Spalten" value="false"/>
          <column name="W&#228;hle zu trimmende Spalten" value="[{SCHEMA_COLUMN=account_id, TRIM=false}, {SCHEMA_COLUMN=account_holder_id, TRIM=false}, {SCHEMA_COLUMN=account_holder_name, TRIM=false}, {SCHEMA_COLUMN=iban, TRIM=false}, {SCHEMA_COLUMN=bic, TRIM=false}, {SCHEMA_COLUMN=balance, TRIM=false}, {SCHEMA_COLUMN=currency_code, TRIM=false}, {SCHEMA_COLUMN=product_id, TRIM=false}]"/>
          <column name="&#220;berpr&#252;fe jede Zeilenstruktur anhand des Schemas" value="false"/>
          <column name="Datum pr&#252;fen" value="false"/>
          <column name="Encoding" value="&quot;UTF-8&quot;"/>
          <column name="Split row before field" value="false"/>
          <column name="Permit hexadecimal (0xNNN) or octal (0NNNN) for numeric types (clear the check box to read Byte type as octal and hexadecimal numbers by default)" value="false"/>
          <column name="Decode table" value="[{SCHEMA_COLUMN=account_id, DECODE=false}, {SCHEMA_COLUMN=account_holder_id, DECODE=false}, {SCHEMA_COLUMN=account_holder_name, DECODE=false}, {SCHEMA_COLUMN=iban, DECODE=false}, {SCHEMA_COLUMN=bic, DECODE=false}, {SCHEMA_COLUMN=balance, DECODE=false}, {SCHEMA_COLUMN=currency_code, DECODE=false}, {SCHEMA_COLUMN=product_id, DECODE=false}]"/>
          <column name="Destination" value=""/>
          <column name="Min column number of optimize code" value="100"/>
          <column name="Bezeichnungsformat" value="account.csv"/>
          <column name="Hinweisformat" value="&lt;b&gt;__UNIQUE_NAME__&lt;/b&gt;&lt;br&gt;__COMMENT__"/>
          <column name="Verbindungsformat" value="row"/>
          <column name="Informationen anzeigen" value="false"/>
          <column name="Kommentar" value=""/>
          <column name="Use an existing validation rule" value="false"/>
          <column name="Validation Rule Type" value=""/>
        </parameters>
        <schemas>
          <schema name="account_schema">
            <column name="account_id" key="false" type="Integer" length="" precision="" nullable="true" comment=""/>
            <column name="account_holder_id" key="false" type="String" length="8" precision="" nullable="true" comment=""/>
            <column name="account_holder_name" key="false" type="String" length="18" precision="" nullable="true" comment=""/>
            <column name="iban" key="false" type="String" length="22" precision="" nullable="true" comment=""/>
            <column name="bic" key="false" type="String" length="" precision="" nullable="true" comment=""/>
            <column name="balance" key="false" type="Integer" length="10" precision="" nullable="true" comment=""/>
            <column name="currency_code" key="false" type="String" length="3" precision="" nullable="true" comment=""/>
            <column name="product_id" key="false" type="Integer" length="1" precision="" nullable="true" comment=""/>
          </schema>
        </schemas>
      </component>
      <component icon="pictures/tFileInputDelimited_2.png" uniqueName="tFileInputDelimited_2" label="transaction.csv">
        <input>none</input>
        <output link="tMap_1">tMap_1</output>
        <componentType>tFileInputDelimited</componentType>
        <parameters>
          <column name="Eindeutiger Name" value="tFileInputDelimited_2"/>
          <column name="Komponentenname" value="tFileInputDelimited"/>
          <column name="Version" value="0.102 (ALPHA)"/>
          <column name="Familie" value="File/Input"/>
          <column name="Start" value="true"/>
          <column name="Ausf&#252;hrbar" value="true"/>
          <column name="SUBTREE_START" value="true"/>
          <column name="END_OF_FLOW" value="false"/>
          <column name="Aktivieren" value="true"/>
          <column name="DUMMY" value="false"/>
          <column name="tStatCatcher Statistik" value="false"/>
          <column name="Hilfe" value="org.talend.help.tFileInputDelimited"/>
          <column name="Update components" value="true"/>
          <column name="IREPORT_PATH" value=""/>
          <column name="JAVA_LIBRARY_PATH" value="C:\Program Files (x86)\TOS_DI-8.0.1\studio\configuration\lib\java"/>
          <column name="Subjob Farbe:" value=""/>
          <column name="&#220;berschriftsfarbe" value=""/>
          <column name="Eigenschaftstyp" value="repository: DELIM:transaction_csv"/>
          <column name="REPOSITORY_ALLOW_AUTO_SWITCH" value="true"/>
          <column name="Schema" value="Built-In"/>
          <column name="Dateiname" value="&quot;C:/Phyton/ImportFiles/trx/transaction.csv-00000-of-00001&quot;"/>
          <column name="CSV Optionen" value="true"/>
          <column name="Zeilenseparator" value="&quot;\n&quot;"/>
          <column name="CSV Row Separator" value="&quot;\n&quot;"/>
          <column name="Feldseparator" value="&quot;,&quot;"/>
          <column name="Escape Char" value="&quot;&quot;&quot;"/>
          <column name="Text Enclosure" value="&quot;\&quot;&quot;"/>
          <column name="&#220;berschrift" value="0"/>
          <column name="Fu&#223;zeile" value="0"/>
          <column name="Limit" value=""/>
          <column name="Leere Zeilen ignorieren" value="false"/>
          <column name="Uncompress as zip file" value="false"/>
          <column name="Abbrechen bei Fehler" value="false"/>
          <column name="Schema" value="Built-In"/>
          <column name="Temporary directory" value="&quot;C:/Program Files (x86)/TOS_DI-8.0.1/studio/workspace&quot;"/>
          <column name="Erweitertes Trennzeichen (f&#252;r Zahlen)" value="false"/>
          <column name="Tausendertrennzeichen" value="&quot;,&quot;"/>
          <column name="Dezimaltrennzeichen" value="&quot;.&quot;"/>
          <column name="Extract lines at random" value="false"/>
          <column name="Anzahl an Zeilen" value="10"/>
          <column name="Trimmt alle Spalten" value="false"/>
          <column name="W&#228;hle zu trimmende Spalten" value="[{SCHEMA_COLUMN=account_id, TRIM=false}, {SCHEMA_COLUMN=transaction_id, TRIM=false}, {SCHEMA_COLUMN=reason_for_payment, TRIM=false}, {SCHEMA_COLUMN=transaction_text, TRIM=false}, {SCHEMA_COLUMN=amount, TRIM=false}, {SCHEMA_COLUMN=number_of_decimals, TRIM=false}, {SCHEMA_COLUMN=direction, TRIM=false}, {SCHEMA_COLUMN=currency_code, TRIM=false}, {SCHEMA_COLUMN=booking_status, TRIM=false}, {SCHEMA_COLUMN=booking_date, TRIM=false}, {SCHEMA_COLUMN=value_date, TRIM=false}, {SCHEMA_COLUMN=is_returnable, TRIM=false}]"/>
          <column name="&#220;berpr&#252;fe jede Zeilenstruktur anhand des Schemas" value="false"/>
          <column name="Datum pr&#252;fen" value="false"/>
          <column name="Encoding" value="&quot;UTF-8&quot;"/>
          <column name="Split row before field" value="false"/>
          <column name="Permit hexadecimal (0xNNN) or octal (0NNNN) for numeric types (clear the check box to read Byte type as octal and hexadecimal numbers by default)" value="false"/>
          <column name="Decode table" value="[{SCHEMA_COLUMN=account_id, DECODE=false}, {SCHEMA_COLUMN=transaction_id, DECODE=false}, {SCHEMA_COLUMN=reason_for_payment, DECODE=false}, {SCHEMA_COLUMN=transaction_text, DECODE=false}, {SCHEMA_COLUMN=amount, DECODE=false}, {SCHEMA_COLUMN=number_of_decimals, DECODE=false}, {SCHEMA_COLUMN=direction, DECODE=false}, {SCHEMA_COLUMN=currency_code, DECODE=false}, {SCHEMA_COLUMN=booking_status, DECODE=false}, {SCHEMA_COLUMN=booking_date, DECODE=false}, {SCHEMA_COLUMN=value_date, DECODE=false}, {SCHEMA_COLUMN=is_returnable, DECODE=false}]"/>
          <column name="Destination" value=""/>
          <column name="Min column number of optimize code" value="100"/>
          <column name="Bezeichnungsformat" value="transaction.csv"/>
          <column name="Hinweisformat" value="&lt;b&gt;__UNIQUE_NAME__&lt;/b&gt;&lt;br&gt;__COMMENT__"/>
          <column name="Verbindungsformat" value="row"/>
          <column name="Informationen anzeigen" value="false"/>
          <column name="Kommentar" value=""/>
          <column name="Use an existing validation rule" value="false"/>
          <column name="Validation Rule Type" value=""/>
        </parameters>
        <schemas>
          <schema name="metadata">
            <column name="account_id" key="false" type="Integer" length="2" precision="" nullable="true" comment=""/>
            <column name="transaction_id" key="true" type="Integer" length="4" precision="" nullable="true" comment=""/>
            <column name="reason_for_payment" key="false" type="String" length="30" precision="" nullable="true" comment=""/>
            <column name="transaction_text" key="false" type="String" length="571" precision="" nullable="true" comment=""/>
            <column name="amount" key="false" type="Integer" length="5" precision="" nullable="true" comment=""/>
            <column name="number_of_decimals" key="false" type="Integer" length="1" precision="" nullable="true" comment=""/>
            <column name="direction" key="false" type="String" length="5" precision="" nullable="true" comment=""/>
            <column name="currency_code" key="false" type="String" length="3" precision="" nullable="true" comment=""/>
            <column name="booking_status" key="false" type="String" length="6" precision="" nullable="true" comment=""/>
            <column name="booking_date" key="false" type="java.util.Date" length="10" precision="" nullable="true" comment=""/>
            <column name="value_date" key="false" type="java.util.Date" length="10" precision="" nullable="true" comment=""/>
            <column name="is_returnable" key="false" type="String" length="5" precision="" nullable="true" comment=""/>
          </schema>
        </schemas>
      </component>
      <component icon="pictures/tLogRow_1.png" uniqueName="tLogRow_1" label="__UNIQUE_NAME__">
        <input link="tMap_1">tMap_1</input>
        <output>none</output>
        <componentType>tLogRow</componentType>
        <parameters>
          <column name="Eindeutiger Name" value="tLogRow_1"/>
          <column name="Komponentenname" value="tLogRow"/>
          <column name="Version" value="0.101 (ALPHA)"/>
          <column name="Familie" value="Logs_Errors"/>
          <column name="Ausf&#252;hrbar" value="false"/>
          <column name="SUBTREE_START" value="false"/>
          <column name="END_OF_FLOW" value="true"/>
          <column name="Aktivieren" value="true"/>
          <column name="DUMMY" value="false"/>
          <column name="tStatCatcher Statistik" value="false"/>
          <column name="Hilfe" value="org.talend.help.tLogRow"/>
          <column name="Update components" value="true"/>
          <column name="IREPORT_PATH" value=""/>
          <column name="JAVA_LIBRARY_PATH" value="C:\Program Files (x86)\TOS_DI-8.0.1\studio\configuration\lib\java"/>
          <column name="Subjob Farbe:" value=""/>
          <column name="&#220;berschriftsfarbe" value=""/>
          <column name="REPOSITORY_ALLOW_AUTO_SWITCH" value="true"/>
          <column name="Schema" value="Built-In"/>
          <column name="Einfach" value="true"/>
          <column name="Table (print values in cells of a table)" value="false"/>
          <column name="Vertikal (wobei jede Zeile eine Schl&#252;ssel/Wertliste ist)" value="false"/>
          <column name="Print unique name" value="true"/>
          <column name="Beschriftungen ausgeben" value="false"/>
          <column name="Print unique name and label" value="false"/>
          <column name="Feldseparator" value="&quot;|&quot;"/>
          <column name="Kopfzeile ausgeben" value="false"/>
          <column name="Print component unique name in front of each output row" value="false"/>
          <column name="Print schema column name in front of each value" value="false"/>
          <column name="Feste L&#228;nge f&#252;r Werte verwenden" value="false"/>
          <column name="Lengths" value="[{SCHEMA_COLUMN=account_id, LENGTH=10}, {SCHEMA_COLUMN=account_holder_name, LENGTH=10}, {SCHEMA_COLUMN=iban, LENGTH=10}, {SCHEMA_COLUMN=balance, LENGTH=10}, {SCHEMA_COLUMN=amount, LENGTH=10}]"/>
          <column name="Print content with log4j" value="true"/>
          <column name="Min column number of optimize code" value="100"/>
          <column name="Bezeichnungsformat" value="__UNIQUE_NAME__"/>
          <column name="Hinweisformat" value="&lt;b&gt;__UNIQUE_NAME__&lt;/b&gt;&lt;br&gt;__COMMENT__"/>
          <column name="Verbindungsformat" value="row"/>
          <column name="Informationen anzeigen" value="false"/>
          <column name="Kommentar" value=""/>
          <column name="Use an existing validation rule" value="false"/>
          <column name="Validation Rule Type" value=""/>
        </parameters>
        <schemas>
          <schema name="tLogRow_1">
            <column name="account_id" key="false" type="Integer" length="" precision="" nullable="true" comment=""/>
            <column name="account_holder_name" key="false" type="String" length="18" precision="" nullable="true" comment=""/>
            <column name="iban" key="false" type="String" length="22" precision="" nullable="true" comment=""/>
            <column name="balance" key="false" type="Integer" length="10" precision="" nullable="true" comment=""/>
            <column name="amount" key="false" type="Integer" length="5" precision="" nullable="true" comment=""/>
          </schema>
        </schemas>
      </component>
      <component icon="pictures/tUniqRow_1.png" uniqueName="tUniqRow_1" label="__UNIQUE_NAME__">
        <input link="tMap_1">tMap_1</input>
        <output link="tDBOutput_3">tDBOutput_3</output>
        <output link="tDBOutput_2">tDBOutput_2</output>
        <componentType>tUniqRow</componentType>
        <parameters>
          <column name="Eindeutiger Name" value="tUniqRow_1"/>
          <column name="Komponentenname" value="tUniqRow"/>
          <column name="Version" value="0.101 (ALPHA)"/>
          <column name="Familie" value="Data_Quality"/>
          <column name="Ausf&#252;hrbar" value="false"/>
          <column name="SUBTREE_START" value="false"/>
          <column name="END_OF_FLOW" value="false"/>
          <column name="Aktivieren" value="true"/>
          <column name="DUMMY" value="false"/>
          <column name="tStatCatcher Statistik" value="false"/>
          <column name="Hilfe" value="org.talend.help.tUniqRow"/>
          <column name="Update components" value="true"/>
          <column name="IREPORT_PATH" value=""/>
          <column name="JAVA_LIBRARY_PATH" value="C:\Program Files (x86)\TOS_DI-8.0.1\studio\configuration\lib\java"/>
          <column name="Subjob Farbe:" value=""/>
          <column name="&#220;berschriftsfarbe" value=""/>
          <column name="REPOSITORY_ALLOW_AUTO_SWITCH" value="true"/>
          <column name="Schema" value="Built-In"/>
          <column name="Schema" value="Built-In"/>
          <column name="Schema" value="Built-In"/>
          <column name="Eindeutiger Schl&#252;ssel" value="[{SCHEMA_COLUMN=account_id, KEY_ATTRIBUTE=false, CASE_SENSITIVE=false}, {SCHEMA_COLUMN=account_holder_name, KEY_ATTRIBUTE=false, CASE_SENSITIVE=false}, {SCHEMA_COLUMN=iban, KEY_ATTRIBUTE=false, CASE_SENSITIVE=false}, {SCHEMA_COLUMN=balance, KEY_ATTRIBUTE=false, CASE_SENSITIVE=false}]"/>
          <column name="Only once each duplicated key" value="false"/>
          <column name="Verwende Festplatte (empfohlen f&#252;r die Verarbeitung gro&#223;er Datenmengen)" value="false"/>
          <column name="Puffergr&#246;&#223;e im Speicher" value="M"/>
          <column name="Verzeichnis f&#252;r temp. Dateien" value=""/>
          <column name="Ignore trailing zeros for BigDecimal" value="false"/>
          <column name="Bezeichnungsformat" value="__UNIQUE_NAME__"/>
          <column name="Hinweisformat" value="&lt;b&gt;__UNIQUE_NAME__&lt;/b&gt;&lt;br&gt;__COMMENT__"/>
          <column name="Verbindungsformat" value="row"/>
          <column name="Informationen anzeigen" value="false"/>
          <column name="Kommentar" value=""/>
          <column name="Use an existing validation rule" value="false"/>
          <column name="Validation Rule Type" value=""/>
        </parameters>
        <schemas>
          <schema name="Unique">
            <column name="account_id" key="false" type="Integer" length="" precision="" nullable="true" comment=""/>
            <column name="account_holder_name" key="false" type="String" length="18" precision="" nullable="true" comment=""/>
            <column name="iban" key="false" type="String" length="22" precision="" nullable="true" comment=""/>
            <column name="balance" key="false" type="Integer" length="10" precision="" nullable="true" comment=""/>
          </schema>
        </schemas>
      </component>
    </internalNodeComponents>
    <externalNodeComponents>
      <component icon="pictures/tMap_1.png" uniqueName="tMap_1" label="__UNIQUE_NAME__" preview="pictures/external_preview_tMap_1.png">
        <input link="tFileInputDelimited_2">tFileInputDelimited_2</input>
        <input link="tFileInputDelimited_1">tFileInputDelimited_1</input>
        <output link="tAggregateRow_1">tAggregateRow_1</output>
        <output link="tUniqRow_1">tUniqRow_1</output>
        <output link="tLogRow_1">tLogRow_1</output>
        <componentType>tMap</componentType>
        <!--tMap_1-->
      </component>
    </externalNodeComponents>
    <connections>
      <connection label="row1" lineStyle="0" metaname="tFileInputDelimited_2" offsetLabelX="0" offsetLabelY="0" source="tFileInputDelimited_2" target="tMap_1"/>
      <connection label="row2" lineStyle="8" metaname="tFileInputDelimited_1" offsetLabelX="0" offsetLabelY="0" source="tFileInputDelimited_1" target="tMap_1"/>
      <connection label="Join_AccTrans" lineStyle="0" metaname="Join_AccTrans" offsetLabelX="0" offsetLabelY="0" source="tMap_1" target="tAggregateRow_1"/>
      <connection label="Unique" lineStyle="0" metaname="Unique" offsetLabelX="0" offsetLabelY="0" source="tMap_1" target="tUniqRow_1"/>
      <connection label="Joined_BadData" lineStyle="0" metaname="Joined_BadData" offsetLabelX="0" offsetLabelY="0" source="tMap_1" target="tLogRow_1"/>
      <connection label="row3" lineStyle="0" metaname="tAggregateRow_1" offsetLabelX="0" offsetLabelY="0" source="tAggregateRow_1" target="tDBOutput_1"/>
      <connection label="row5" lineStyle="0" metaname="UNIQUE" offsetLabelX="0" offsetLabelY="0" source="tUniqRow_1" target="tDBOutput_3"/>
      <connection label="row4" lineStyle="0" metaname="DUPLICATE" offsetLabelX="0" offsetLabelY="0" source="tUniqRow_1" target="tDBOutput_2"/>
    </connections>
  </job>
</project>
