<?xml version="1.1" encoding="UTF-8"?>

<externalNode i18n.job.component.parameters="Component Parameters:" i18n.job.properties="Eigenschaften" i18n.job.values="Values" i18n.mapper.table.for="Mapper table for " i18n.mapper.table.properties="Mapper table Properties" i18n.job.name="Name" i18n.tmap.matching.mode="Matching-mode" i18n.mapper.table.isminimized="isMinimized" i18n.tmap.isreject="isReject" i18n.tmap.isrejectinnnerjoin="isRejectInnerJoin" i18n.tmap.isinnerjoin="isInnerJoin" i18n.tmap.expressionfilter="expressionFilter" i18n.mapper.table.metadata.entries="Metadata Table Entries" i18n.job.type="Typ" i18n.mapper.table.expression="Ausdruck" i18n.tmap.isnullable="isNullable" i18n.tmap.constraint.entries="Constraint Table Entries" name="tMap_1" preview="pictures/_IrGNILGJEey0MYHNCxr34Q-tMap_1-PREVIEW.bmp">
  <parameters>
    <column name="tStatCatcher Statistik">false</column>
    <column name="Mapping Verbindungen anzeigen als:">AUTO</column>
    <column name="Verzeichnis f&#252;r tempor&#228;re Daten:"></column>
    <column name="Maximale Puffergr&#246;&#223;e (Anzahl Zeilen)">2000000</column>
    <column name="Ignore trailing zeros for BigDecimal">true</column>
    <column name="Informationen anzeigen">false</column>
    <column name="Kommentar"><![CDATA[]]></column>
    <column name="Use an existing validation rule">false</column>
  </parameters>
  <mapperTable type="input">
    <table name="row1" matching-mode="UNIQUE_MATCH" lookup-mode="LOAD_ONCE" isMinimized="false" isReject="false" isRejectInnerJoin="false" isInnerJoin="false" isPersistent="false" expressionFilter="null" activateExpressionFilter="false" activateCondensedTool="false" activateColumnNameFilter="false" columnNameFilter="null">
      <metadataTableEntries>
        <entry name="account_id" type="Integer" expression="" isNullable="true"/>
        <entry name="transaction_id" type="Integer" expression="" isNullable="true"/>
        <entry name="reason_for_payment" type="String" expression="" isNullable="true"/>
        <entry name="transaction_text" type="String" expression="" isNullable="true"/>
        <entry name="amount" type="Integer" expression="" isNullable="true"/>
        <entry name="number_of_decimals" type="Integer" expression="" isNullable="true"/>
        <entry name="direction" type="String" expression="" isNullable="true"/>
        <entry name="currency_code" type="String" expression="" isNullable="true"/>
        <entry name="booking_status" type="String" expression="" isNullable="true"/>
        <entry name="booking_date" type="java.util.Date" expression="" isNullable="true"/>
        <entry name="value_date" type="java.util.Date" expression="" isNullable="true"/>
        <entry name="is_returnable" type="String" expression="" isNullable="true"/>
      </metadataTableEntries>
    </table>
    <table name="row2" matching-mode="UNIQUE_MATCH" lookup-mode="LOAD_ONCE" isMinimized="false" isReject="false" isRejectInnerJoin="false" isInnerJoin="true" isPersistent="false" expressionFilter="null" activateExpressionFilter="false" activateCondensedTool="false" activateColumnNameFilter="false" columnNameFilter="null">
      <metadataTableEntries>
        <entry name="account_id" type="Integer" expression="row1.account_id " isNullable="true"/>
        <entry name="account_holder_id" type="String" expression="" isNullable="true"/>
        <entry name="account_holder_name" type="String" expression="" isNullable="true"/>
        <entry name="iban" type="String" expression="" isNullable="true"/>
        <entry name="bic" type="String" expression="" isNullable="true"/>
        <entry name="balance" type="Integer" expression="" isNullable="true"/>
        <entry name="currency_code" type="String" expression="" isNullable="true"/>
        <entry name="product_id" type="Integer" expression="" isNullable="true"/>
      </metadataTableEntries>
    </table>
  </mapperTable>
  <mapperTable type="output">
    <table name="Join_AccTrans" isMinimized="false" isReject="false" isRejectInnerJoin="false" isInnerJoin="false" isPersistent="false" expressionFilter="null" activateExpressionFilter="false" activateCondensedTool="false" activateColumnNameFilter="false" columnNameFilter="null">
      <metadataTableEntries>
        <entry name="account_id" type="Integer" expression="row2.account_id " isNullable="true"/>
        <entry name="account_holder_name" type="String" expression="row2.account_holder_name " isNullable="true"/>
        <entry name="iban" type="String" expression="row2.iban " isNullable="true"/>
        <entry name="balance" type="Integer" expression="row2.balance " isNullable="true"/>
        <entry name="amount" type="Integer" expression="row1.amount " isNullable="true"/>
      </metadataTableEntries>
    </table>
    <table name="Unique" isMinimized="false" isReject="false" isRejectInnerJoin="false" isInnerJoin="false" isPersistent="false" expressionFilter="null" activateExpressionFilter="false" activateCondensedTool="false" activateColumnNameFilter="false" columnNameFilter="null">
      <metadataTableEntries>
        <entry name="account_id" type="Integer" expression="row2.account_id " isNullable="true"/>
        <entry name="account_holder_name" type="String" expression="row2.account_holder_name " isNullable="true"/>
        <entry name="iban" type="String" expression="row2.iban " isNullable="true"/>
        <entry name="balance" type="Integer" expression="row2.balance " isNullable="true"/>
      </metadataTableEntries>
    </table>
    <table name="Joined_BadData" isMinimized="false" isReject="true" isRejectInnerJoin="true" isInnerJoin="false" isPersistent="false" expressionFilter="null" activateExpressionFilter="false" activateCondensedTool="true" activateColumnNameFilter="false" columnNameFilter="null">
      <metadataTableEntries>
        <entry name="account_id" type="Integer" expression="row2.account_id  " isNullable="true"/>
        <entry name="account_holder_name" type="String" expression="row2.account_holder_name  " isNullable="true"/>
        <entry name="iban" type="String" expression="row2.iban  " isNullable="true"/>
        <entry name="balance" type="Integer" expression="row2.balance  " isNullable="true"/>
        <entry name="amount" type="Integer" expression="row1.amount  " isNullable="true"/>
      </metadataTableEntries>
    </table>
  </mapperTable>
  <mapperTable type="var">
    <table name="Var" isMinimized="true" isReject="false" isRejectInnerJoin="false" isInnerJoin="false" isPersistent="false" expressionFilter="null" activateExpressionFilter="false" activateCondensedTool="false" activateColumnNameFilter="false" columnNameFilter="null"/>
  </mapperTable>
</externalNode>
